name,train_accuracy,train_precision,train_recall,train_f1,train_roc_auc,test_accuracy,test_precision,test_recall,test_f1,test_roc_auc,training_time,evaluation_time,saving_time
decision_tree_d2_diagnostic,0.9597989949748744,0.9513888888888888,0.9383561643835616,0.9448275862068966,0.972127092846271,0.9239766081871345,0.9206349206349206,0.8787878787878788,0.8992248062015504,0.931962481962482,0.001993894577026367,0.006981611251831055,0.0029921531677246094
