name,train_accuracy,train_precision,train_recall,train_f1,train_roc_auc,test_accuracy,test_precision,test_recall,test_f1,test_roc_auc,training_time,evaluation_time,saving_time
decision_tree_d2_original,0.9456066945606695,0.8691099476439791,0.9940119760479041,0.9273743016759777,0.9812946454358165,0.9317073170731708,0.8452380952380952,0.9861111111111112,0.9102564102564102,0.9768692564745196,0.001995086669921875,0.008974552154541016,0.000997304916381836
